Tiempo,Glucosa
0,127
700,126.76484218728449
1400,126.16996714290025
